eruptions,waiting,predicted_waiting
3.6,79,71.94826203472823
1.8,54,52.45048787586247
3.333,74,69.05609220116314
2.283,62,57.682390608491446
4.533,85,82.05460830707365
2.883,55,64.1816486614467
4.7,88,83.86356846514619
3.6,85,71.94826203472823
1.95,51,54.07530238910128
4.35,85,80.07233460092229
1.833,54,52.80794706877501
3.917,84,75.38203670603959
4.2,78,78.44752008768349
1.75,47,51.9088830381162
4.7,83,83.86356846514619
2.167,52,56.4258673849201
1.75,62,51.9088830381162
4.8,84,84.94677814063873
1.6,52,50.28406852487739
4.25,79,78.98912492542975
1.8,51,52.45048787586247
1.75,47,51.9088830381162
3.45,78,70.32344752148941
3.067,69,66.17475446435299
4.533,74,82.05460830707365
3.6,83,71.94826203472823
1.967,55,54.259448033935016
4.083,76,77.18016476735721
3.85,78,74.65628622345959
4.433,79,80.9713986315811
4.3,73,79.53072976317603
4.467,77,81.33968992124856
3.367,66,69.4243834908306
4.033,80,76.63855992961093
3.833,74,74.47214057862585
2.017,52,54.801052871681286
1.867,48,53.176238358442475
4.833,80,85.30423733355127
1.833,59,52.80794706877501
4.783,90,84.76263249580501
4.35,80,80.07233460092229
1.883,58,53.349551906521285
4.567,84,82.4228995967411
1.75,58,51.9088830381162
4.533,73,82.05460830707365
3.317,83,68.88277865308433
3.833,64,74.47214057862585
2.1,53,55.7001169023401
4.633,82,83.13781798256619
2.0,59,54.61690722684756
4.8,75,84.94677814063873
4.716,90,84.036882013225
1.833,54,52.80794706877501
4.833,80,85.30423733355127
1.733,54,51.72473739328247
4.883,83,85.84584217129755
3.717,71,73.2156173550545
1.667,64,51.009819007457395
4.567,77,82.4228995967411
4.317,81,79.71487540800976
2.233,59,57.14078577074518
4.5,84,81.6971491141611
1.75,48,51.9088830381162
4.8,82,84.94677814063873
1.817,60,52.634633520696205
4.4,92,80.61393943866857
4.167,78,78.09006089477094
4.7,78,83.86356846514619
2.067,65,55.34265770942756
4.7,73,83.86356846514619
4.033,82,76.63855992961093
1.967,56,54.259448033935016
4.5,79,81.6971491141611
4.0,71,76.28110073669839
1.983,62,54.432761582013825
5.067,76,87.83894797420382
2.017,60,54.801052871681286
4.567,78,82.4228995967411
3.883,76,75.01374541637212
3.6,83,71.94826203472823
4.133,75,77.72176960510347
4.333,82,79.88818895608856
4.1,70,77.36431041219093
2.633,65,61.47362447271534
4.067,73,77.0068512192784
4.933,88,86.38744700904381
3.95,76,75.73949589895213
4.517,80,81.88129475899484
2.167,48,56.4258673849201
4.0,86,76.28110073669839
2.2,60,56.78332657783264
4.333,90,79.88818895608856
1.867,50,53.176238358442475
4.817,78,85.13092378547246
1.833,63,52.80794706877501
4.3,72,79.53072976317603
4.667,84,83.50610927223364
3.75,75,73.57307654796705
1.867,51,53.176238358442475
4.9,82,86.02998781613128
2.483,62,59.84880995947654
4.367,88,80.25648024575602
2.1,49,55.7001169023401
4.5,83,81.6971491141611
4.05,81,76.82270557444467
1.867,47,53.176238358442475
4.7,84,83.86356846514619
1.783,52,52.26634223102874
4.85,86,85.488382978385
3.683,81,72.84732606538704
4.733,75,84.22102765805872
2.3,59,57.86653625332518
4.9,89,86.02998781613128
4.417,79,80.7980850835023
1.7,59,51.36727820036993
4.633,81,83.13781798256619
2.317,50,58.05068189815891
4.6,85,82.78035878965365
1.817,59,52.634633520696205
4.417,87,80.7980850835023
2.617,53,61.30031092463654
4.067,69,77.0068512192784
4.25,77,78.98912492542975
1.967,56,54.259448033935016
4.6,88,82.78035878965365
3.767,81,73.75722219280077
1.917,45,53.717843196188745
4.5,82,81.6971491141611
2.267,55,57.50907706041264
4.65,90,83.32196362739992
1.867,45,53.176238358442475
4.167,83,78.09006089477094
2.8,56,63.282584630787895
4.333,89,79.88818895608856
1.833,46,52.80794706877501
4.383,82,80.42979379383483
1.883,51,53.349551906521285
4.933,86,86.38744700904381
2.033,53,54.974366419760095
3.733,79,73.38893090313331
4.233,81,78.80497928059602
2.233,60,57.14078577074518
4.533,82,82.05460830707365
4.817,77,85.13092378547246
4.333,76,79.88818895608856
1.983,59,54.432761582013825
4.633,80,83.13781798256619
2.017,49,54.801052871681286
5.1,96,88.19640716711635
1.8,53,52.45048787586247
5.033,77,87.47065668453635
4.0,77,76.28110073669839
2.4,65,58.94974592881772
4.6,81,82.78035878965365
3.567,71,71.59080284181569
4.0,70,76.28110073669839
4.5,81,81.6971491141611
4.083,93,77.18016476735721
1.8,53,52.45048787586247
3.967,89,75.92364154378586
2.2,45,56.78332657783264
4.15,86,77.90591524993721
2.0,58,54.61690722684756
3.833,78,74.47214057862585
3.5,66,70.86505235923569
4.583,76,82.59621314481991
2.367,63,58.59228673590518
5.0,88,87.11319749162382
1.933,52,53.891156744267555
4.617,93,82.96450443448738
1.917,49,53.717843196188745
2.083,57,55.515971257506365
4.583,77,82.59621314481991
3.333,68,69.05609220116314
4.167,81,78.09006089477094
4.333,81,79.88818895608856
4.5,73,81.6971491141611
2.417,50,59.133891573651454
4.0,85,76.28110073669839
4.167,74,78.09006089477094
1.883,55,53.349551906521285
4.583,77,82.59621314481991
4.25,83,78.98912492542975
3.767,83,73.75722219280077
2.033,51,54.974366419760095
4.433,78,80.9713986315811
4.083,84,77.18016476735721
1.833,46,52.80794706877501
4.417,83,80.7980850835023
2.183,55,56.599180932998905
4.8,81,84.94677814063873
1.833,57,52.80794706877501
4.8,76,84.94677814063873
4.1,84,77.36431041219093
3.966,77,75.91280944703094
4.233,81,78.80497928059602
3.5,87,70.86505235923569
4.366,77,80.2456481490011
2.25,51,57.32493141557891
4.667,78,83.50610927223364
2.1,60,55.7001169023401
4.35,82,80.07233460092229
4.133,91,77.72176960510347
1.867,53,53.176238358442475
4.6,78,82.78035878965365
1.783,46,52.26634223102874
4.367,77,80.25648024575602
3.85,84,74.65628622345959
1.933,49,53.891156744267555
4.5,83,81.6971491141611
2.383,71,58.76560028398399
4.7,80,83.86356846514619
1.867,49,53.176238358442475
3.833,75,74.47214057862585
3.417,64,69.96598832857687
4.233,76,78.80497928059602
2.4,53,58.94974592881772
4.8,94,84.94677814063873
2.0,55,54.61690722684756
4.15,76,77.90591524993721
1.867,50,53.176238358442475
4.267,82,79.17327057026348
1.75,54,51.9088830381162
4.483,75,81.51300346932737
4.0,78,76.28110073669839
4.117,79,77.54845605702467
4.083,78,77.18016476735721
4.267,78,79.17327057026348
3.917,70,75.38203670603959
4.55,79,82.23875395190737
4.083,70,77.18016476735721
2.417,54,59.133891573651454
4.183,86,78.26337444284975
2.217,50,56.96747222266637
4.45,90,81.15554427641484
1.883,54,53.349551906521285
1.85,54,52.99209271360874
4.283,77,79.34658411834229
3.95,79,75.73949589895213
2.333,64,58.22399544623772
4.15,75,77.90591524993721
2.35,47,58.40814109107146
4.933,86,86.38744700904381
2.9,63,64.36579430628043
4.583,85,82.59621314481991
3.833,82,74.47214057862585
2.083,57,55.515971257506365
4.367,82,80.25648024575602
2.133,67,56.057576095252635
4.35,74,80.07233460092229
2.2,54,56.78332657783264
4.45,83,81.15554427641484
3.567,73,71.59080284181569
4.5,73,81.6971491141611
4.15,88,77.90591524993721
3.817,80,74.29882703054705
3.917,71,75.38203670603959
4.45,83,81.15554427641484
2.0,56,54.61690722684756
4.283,79,79.34658411834229
4.767,78,84.5893189477262
4.533,84,82.05460830707365
1.85,58,52.99209271360874
4.25,83,78.98912492542975
1.983,43,54.432761582013825
2.25,60,57.32493141557891
4.75,75,84.40517330289246
4.117,81,77.54845605702467
2.15,46,56.24172174008637
4.417,90,80.7980850835023
1.817,46,52.634633520696205
4.467,74,81.33968992124856
